{"cameraMode":{"drawMode":0,"name":"Shaded","section":"Shading Mode"},"sceneLighting":true,"audioPlay":false,"sceneViewState":{"showFog":true,"showMaterialUpdate":false,"showSkybox":true,"showFlares":true,"showImageEffects":true,"showParticleSystems":true},"in2DMode":false,"pivot":{"x":18.00339698791504,"y":11.43699836730957,"z":-12.374595642089844},"rotation":{"x":-0.33985623717308047,"y":-0.014955372549593449,"z":0.00540504464879632,"w":-0.9403430223464966},"size":1.443742036819458,"orthographic":false}