{"cameraMode":{"drawMode":0,"name":"Shaded","section":"Shading Mode"},"sceneLighting":false,"audioPlay":false,"sceneViewState":{"showFog":true,"showMaterialUpdate":false,"showSkybox":true,"showFlares":true,"showImageEffects":true,"showParticleSystems":true},"in2DMode":false,"pivot":{"x":0.00680205225944519,"y":0.9792728424072266,"z":0.011316180229187012},"rotation":{"x":0.025967136025428773,"y":0.9668410420417786,"z":-0.22926566004753114,"w":0.1094597801566124},"size":4.732361793518066,"orthographic":false}