{"cameraMode":{"drawMode":0,"name":"Shaded","section":"Shading Mode"},"sceneLighting":false,"audioPlay":false,"sceneViewState":{"showFog":true,"showMaterialUpdate":false,"showSkybox":true,"showFlares":true,"showImageEffects":true,"showParticleSystems":true},"in2DMode":false,"pivot":{"x":14.750755310058594,"y":-9.5504150390625,"z":23.500030517578126},"rotation":{"x":0.20808576047420503,"y":0.09429895877838135,"z":-0.02016213908791542,"w":0.9733455181121826},"size":180.98410034179688,"orthographic":false}