{"cameraMode":{"drawMode":0,"name":"Shaded","section":"Shading Mode"},"sceneLighting":false,"audioPlay":false,"sceneViewState":{"showFog":true,"showMaterialUpdate":false,"showSkybox":true,"showFlares":true,"showImageEffects":true,"showParticleSystems":true},"in2DMode":false,"pivot":{"x":0.8597426414489746,"y":4.819263935089111,"z":-0.1458442211151123},"rotation":{"x":-0.3030650019645691,"y":0.08933871239423752,"z":-0.028547124937176706,"w":-0.9483434557914734},"size":24.00263214111328,"orthographic":false}