{"cameraMode":{"drawMode":0,"name":"Shaded","section":"Shading Mode"},"sceneLighting":false,"audioPlay":false,"sceneViewState":{"showFog":true,"showMaterialUpdate":false,"showSkybox":true,"showFlares":true,"showImageEffects":true,"showParticleSystems":true},"in2DMode":false,"pivot":{"x":-0.07929247617721558,"y":2.2000410556793215,"z":0.03075244277715683},"rotation":{"x":-0.19298717379570008,"y":0.21037769317626954,"z":-0.042404644191265109,"w":-0.9574440121650696},"size":7.380794048309326,"orthographic":false}