{"cameraMode":{"drawMode":0,"name":"Shaded","section":"Shading Mode"},"sceneLighting":false,"audioPlay":false,"sceneViewState":{"showFog":true,"showMaterialUpdate":false,"showSkybox":true,"showFlares":true,"showImageEffects":true,"showParticleSystems":true},"in2DMode":false,"pivot":{"x":0.0000025033950805664064,"y":1.5903778076171876,"z":0.3726845979690552},"rotation":{"x":0.04973894730210304,"y":0.9349269866943359,"z":-0.14535124599933625,"w":0.3198605179786682},"size":9.7987060546875,"orthographic":false}