{"cameraMode":{"drawMode":0,"name":"Shaded","section":"Shading Mode"},"sceneLighting":true,"audioPlay":false,"sceneViewState":{"showFog":true,"showMaterialUpdate":false,"showSkybox":true,"showFlares":true,"showImageEffects":true,"showParticleSystems":true},"in2DMode":false,"pivot":{"x":-70.6654281616211,"y":-240.29660034179688,"z":-474.5469970703125},"rotation":{"x":0.01808456890285015,"y":-0.9713395237922669,"z":0.2235923856496811,"w":0.07860599458217621},"size":729.15283203125,"orthographic":false}